"sig","gene","mut_rate","p.values","fdr"
"Hyper.MS1","ABR",0.00510725229826353,0.00240434578505082,0.00806162998517041
"Hyper.MS1","ACVR2A",0.00919305413687436,0.000130132179913075,0.000824170472782806
"Hyper.MS1","AHNAK2",0.00663942798774259,0.00295009985496136,0.0090894968504215
"Hyper.MS1","ANK3",0.00868232890704801,1.17677864441856e-05,0.000108748938103346
"Hyper.MS1","APC",0.0388151174668029,2.42766523746245e-32,2.76753837070719e-30
"Hyper.MS1","ARID1A",0.0224719101123595,0.00109848126627151,0.00447238801267687
"Hyper.MS1","ASPM",0.00817160367722165,0.000250313296286834,0.00142678578883495
"Hyper.MS1","ATM",0.00817160367722165,0.00547823294017232,0.0138781901151032
"Hyper.MS1","BCL9L",0.00561797752808989,1.24011946959956e-05,0.000108748938103346
"Hyper.MS1","BMPR2",0.00612870275791624,2.16052628978495e-06,4.19280012216565e-05
"Hyper.MS1","CACNA1A",0.00663942798774259,0.000795529766772909,0.00362162539719633
"Hyper.MS1","CDH1",0.0148110316649642,0.0061083043593001,0.0148158871693662
"Hyper.MS1","CHD3",0.00510725229826353,0.00286508252727162,0.00907276133636014
"Hyper.MS1","CHD8",0.00612870275791624,0.00179368114568598,0.00633563461240239
"Hyper.MS1","COL18A1",0.00510725229826353,0.0384997679116896,0.0698567129546383
"Hyper.MS1","CPAMD8",0.00561797752808989,0.0405833370117118,0.0722890690521116
"Hyper.MS1","DENND4B",0.00561797752808989,0.00798686842463124,0.0189688125084992
"Hyper.MS1","DNAH11",0.00561797752808989,0.011646855958711,0.0237096710588046
"Hyper.MS1","DOCK3",0.00970377936670072,2.76370640116884e-06,4.50089328190354e-05
"Hyper.MS1","EYS",0.00561797752808989,0.00974625139924307,0.0217857384218374
"Hyper.MS1","FLNB",0.00561797752808989,0.000828613245006365,0.00362162539719633
"Hyper.MS1","FMN2",0.00510725229826353,0.057193922424036,0.0973150321841807
"Hyper.MS1","FOXA1",0.00868232890704801,0.0321398642487738,0.0600646643337739
"Hyper.MS1","FRAS1",0.00561797752808989,0.000215795532994626,0.00129477319796776
"Hyper.MS1","GATA3",0.0250255362614913,3.59221739297603e-08,1.36504260933089e-06
"Hyper.MS1","HYDIN",0.00561797752808989,0.00140131440547203,0.00532499474079371
"Hyper.MS1","KIAA1109",0.00510725229826353,0.0386050255801949,0.0698567129546383
"Hyper.MS1","KIF26A",0.00561797752808989,4.32686893169581e-06,5.48070064681469e-05
"Hyper.MS1","LARP4B",0.00612870275791624,1.21615119913256e-05,0.000108748938103346
"Hyper.MS1","LRP2",0.00561797752808989,0.00082542504250166,0.00362162539719633
"Hyper.MS1","MAP2",0.00510725229826353,0.0145899353314146,0.0291798706628291
"Hyper.MS1","MAP3K12",0.00510725229826353,0.0109095995022363,0.0230313767269433
"Hyper.MS1","MBD6",0.00919305413687436,1.85309433932004e-05,0.000140835169788323
"Hyper.MS1","MECOM",0.00663942798774259,0.000293891251435034,0.00159540965064733
"Hyper.MS1","MEGF8",0.00663942798774259,0.000391406231882643,0.00202819592884642
"Hyper.MS1","MICAL3",0.00510725229826353,0.0111216851877267,0.023052220207288
"Hyper.MS1","MKL1",0.00561797752808989,1.64060896850279e-05,0.000133592444578085
"Hyper.MS1","MUC5B",0.0076608784473953,3.25391972576383e-05,0.000231841780460673
"Hyper.MS1","NES",0.00510725229826353,0.000857753383546499,0.00362162539719633
"Hyper.MS1","NIPBL",0.00715015321756895,0.00159392977960893,0.00586154822178766
"Hyper.MS1","NLRC5",0.00510725229826353,0.0472270906476849,0.081574065664183
"Hyper.MS1","OBSCN",0.00715015321756895,0.00507631763030636,0.0131522774967028
"Hyper.MS1","PBRM1",0.0209397344228805,0.00120444180953277,0.00473470228574952
"Hyper.MS1","PEAR1",0.00510725229826353,0.000717509881857699,0.00355635332746859
"Hyper.MS1","PIK3R1",0.00663942798774259,0.00395369078166987,0.0109931890026918
"Hyper.MS1","PLEKHA6",0.00510725229826353,0.00333816176477402,0.0097450344077335
"Hyper.MS1","RAD51AP2",0.00612870275791624,6.28575567626583e-06,7.16576147094305e-05
"Hyper.MS1","RB1",0.00919305413687436,0.0166171416110309,0.0321076973501275
"Hyper.MS1","RBBP6",0.00510725229826353,0.0211344002675806,0.0401553605084032
"Hyper.MS1","REV3L",0.00663942798774259,0.00888267062806565,0.0202524890319897
"Hyper.MS1","RNF43",0.00715015321756895,2.20673690640297e-06,4.19280012216565e-05
"Hyper.MS1","RPL22",0.00561797752808989,0.0107245980515161,0.0230313767269433
"Hyper.MS1","SACS",0.00561797752808989,0.00262278748081507,0.0085427935089405
"Hyper.MS1","SETBP1",0.00561797752808989,0.01558976195944,0.0306419459202786
"Hyper.MS1","SOX9",0.00868232890704801,1.38455569767729e-08,7.89196747676053e-07
"Hyper.MS1","SPEG",0.00510725229826353,0.0048986240618836,0.0129870498384821
"Hyper.MS1","SVIL",0.00715015321756895,5.45643510577301e-05,0.000365902118857719
"Hyper.MS1","SYNE1",0.00919305413687436,0.00183399949306385,0.00633563461240239
"Hyper.MS1","SYNE2",0.00612870275791624,0.00341931031850298,0.0097450344077335
"Hyper.MS1","TEP1",0.00612870275791624,0.00314284784358765,0.00942854353076296
"Hyper.MS1","TG",0.0112359550561798,0.0059521097545982,0.0147508806961782
"Hyper.MS1","TP53",0.0577119509703779,0.00459314651932228,0.0124671119810176
"Hyper.MS1","TTN",0.0234933605720123,0.00851293674530477,0.019805607938056
"Hyper.MS1","VHL",0.0107252298263534,0.0108100938680023,0.0230313767269433
"Hyper.MS1","ZBTB20",0.00919305413687436,3.31864072850453e-06,4.72906303811896e-05
"Hyper.MS1","ZFP36L2",0.00970377936670072,0.0427887643953577,0.0750449098626273
"Hyper.MS1","ZNF469",0.00817160367722165,1.25628781754372e-06,3.58042027999959e-05
"Hyper.MS2","ABR",0.00510725229826353,6.69871685091067e-05,0.0002995498040242
"Hyper.MS2","ACVR2A",0.00919305413687436,0.0141063094792077,0.0272562589937234
"Hyper.MS2","AHNAK2",0.00663942798774259,0.00137760613679467,0.00341406738249114
"Hyper.MS2","ALB",0.0122574055158325,0.0573687360508341,0.0817504488724386
"Hyper.MS2","ANK2",0.00510725229826353,0.0363700937414019,0.0552825424869308
"Hyper.MS2","ANK3",0.00868232890704801,1.46984853119259e-05,0.000128894409658427
"Hyper.MS2","APC",0.0388151174668029,1.43124359297769e-36,1.63161769599457e-34
"Hyper.MS2","ARID1A",0.0224719101123595,0.0159578790724475,0.029341906681597
"Hyper.MS2","ARID1B",0.00510725229826353,0.0157143005549111,0.029341906681597
"Hyper.MS2","ASPM",0.00817160367722165,0.000116322488943966,0.000427766572245553
"Hyper.MS2","ASXL1",0.00663942798774259,0.000200741493072617,0.000618500816494008
"Hyper.MS2","ATM",0.00817160367722165,0.0132204383537434,0.0268421731292096
"Hyper.MS2","BCL9L",0.00561797752808989,4.53110304540243e-06,4.49660759246862e-05
"Hyper.MS2","BMPR2",0.00612870275791624,5.1122631628621e-07,9.71330000943798e-06
"Hyper.MS2","BRCA2",0.00715015321756895,0.00241601269788333,0.00562092750119794
"Hyper.MS2","CACNA1A",0.00663942798774259,0.00756979634098322,0.0162822034504167
"Hyper.MS2","CDH1",0.0148110316649642,2.46375837428243e-05,0.000165216738040116
"Hyper.MS2","CDK12",0.00663942798774259,0.0139311810977255,0.0272562589937234
"Hyper.MS2","CHD3",0.00510725229826353,9.04180362165615e-05,0.000368130576024572
"Hyper.MS2","CPAMD8",0.00561797752808989,0.00504770121081617,0.0115087587606609
"Hyper.MS2","CSMD3",0.0132788559754852,0.000810828644116721,0.0021496387309141
"Hyper.MS2","DENND4B",0.00561797752808989,4.33038711148702e-05,0.00024683206535476
"Hyper.MS2","DNAH11",0.00561797752808989,0.00136033719294403,0.00341406738249114
"Hyper.MS2","DOCK3",0.00970377936670072,6.49575736178811e-05,0.0002995498040242
"Hyper.MS2","FAT1",0.0143003064351379,0.0190201405222841,0.0323626271573192
"Hyper.MS2","FBXW7",0.00715015321756895,0.000148144825039165,0.000496720883954849
"Hyper.MS2","FHOD3",0.00510725229826353,0.000231696740476272,0.000677267395238334
"Hyper.MS2","FLNB",0.00561797752808989,5.19100057933471e-05,0.000268988211838253
"Hyper.MS2","FMN2",0.00510725229826353,0.00176544765987983,0.00428214964311277
"Hyper.MS2","FRAS1",0.00561797752808989,0.0327663344582271,0.0504778665978094
"Hyper.MS2","GATA3",0.0250255362614913,2.39831615135984e-05,0.000165216738040116
"Hyper.MS2","HERC2",0.00510725229826353,0.0172526968391062,0.0312191657088588
"Hyper.MS2","HYDIN",0.00561797752808989,0.000184108447918676,0.000583010085075808
"Hyper.MS2","KIF26A",0.00561797752808989,7.79581017452256e-05,0.000329156429590953
"Hyper.MS2","LARP4B",0.00612870275791624,5.13389628523738e-05,0.000268988211838253
"Hyper.MS2","LRP1B",0.00919305413687436,0.018634184196254,0.0321863181571659
"Hyper.MS2","MAP2",0.00510725229826353,0.00613035107771183,0.0137031377031206
"Hyper.MS2","MAP3K12",0.00510725229826353,0.000125107552953935,0.000445695657398394
"Hyper.MS2","MBD6",0.00919305413687436,6.62566851320398e-09,2.51775403501751e-07
"Hyper.MS2","MECOM",0.00663942798774259,1.1422522764847e-06,1.74193011411201e-05
"Hyper.MS2","MEGF8",0.00663942798774259,9.45636678828754e-05,0.000371733039263717
"Hyper.MS2","MGA",0.00612870275791624,0.0184618283562528,0.0321863181571659
"Hyper.MS2","MICAL3",0.00510725229826353,0.0124334075324599,0.0258218346853632
"Hyper.MS2","MKL1",0.00561797752808989,6.8142402896099e-05,0.0002995498040242
"Hyper.MS2","MUC16",0.00817160367722165,0.0669891825176904,0.0920092386387554
"Hyper.MS2","MUC5B",0.0076608784473953,9.78336556099887e-05,0.000371767891317957
"Hyper.MS2","NES",0.00510725229826353,2.26686796611114e-05,0.000165216738040116
"Hyper.MS2","NLRC5",0.00510725229826353,0.00065567377603818,0.0018230929382525
"Hyper.MS2","NOTCH1",0.00510725229826353,0.0402134691035759,0.0587735317667648
"Hyper.MS2","NSD1",0.00868232890704801,0.00194624921371412,0.00462234188257104
"Hyper.MS2","OBSCN",0.00715015321756895,0.0647946209727651,0.0900803267182344
"Hyper.MS2","PBRM1",0.0209397344228805,1.67968074072462e-05,0.000136774003173291
"Hyper.MS2","PCLO",0.0107252298263534,0.00052872634442848,0.00150687008162117
"Hyper.MS2","PDZD2",0.00510725229826353,0.0392417203304416,0.0580981313983161
"Hyper.MS2","PEAR1",0.00510725229826353,0.000177557076737333,0.00057832876423017
"Hyper.MS2","PIK3R1",0.00663942798774259,0.0124579026990787,0.0258218346853632
"Hyper.MS2","PLEKHA6",0.00510725229826353,2.99989132783205e-05,0.000179993479669923
"Hyper.MS2","RAD51AP2",0.00612870275791624,0.000208619758939104,0.000625859276817312
"Hyper.MS2","REV3L",0.00663942798774259,0.000675991700650512,0.00183483461605139
"Hyper.MS2","RNF43",0.00715015321756895,3.2448841978303e-08,9.24791996381634e-07
"Hyper.MS2","SACS",0.00561797752808989,0.0134210865646048,0.0268421731292096
"Hyper.MS2","SETD2",0.0127681307456588,0.0325485348590631,0.0504778665978094
"Hyper.MS2","SLC26A7",0.00510725229826353,0.03270682548162,0.0504778665978094
"Hyper.MS2","SOX9",0.00868232890704801,8.60569484789078e-11,4.90524606329775e-09
"Hyper.MS2","SPEG",0.00510725229826353,0.0154739643446156,0.029341906681597
"Hyper.MS2","SPEN",0.00817160367722165,2.77489907920742e-05,0.000175743608349803
"Hyper.MS2","SRCAP",0.00715015321756895,0.00738861022454618,0.0161981070307359
"Hyper.MS2","SVIL",0.00715015321756895,0.000932118919174297,0.00241503538149704
"Hyper.MS2","SYNE1",0.00919305413687436,0.000130353650969334,0.000450312612439518
"Hyper.MS2","SYNE2",0.00612870275791624,0.0621019250042148,0.0874027092651913
"Hyper.MS2","TEP1",0.00612870275791624,0.0222809469785563,0.0373533522875796
"Hyper.MS2","TG",0.0112359550561798,0.050386586574524,0.0727097578417182
"Hyper.MS2","TOP2B",0.00510725229826353,0.0293017218776496,0.0470478351274937
"Hyper.MS2","TP53",0.0577119509703779,5.14054308058177e-08,1.17204382237264e-06
"Hyper.MS2","TTN",0.0234933605720123,4.73327114996697e-06,4.49660759246862e-05
"Hyper.MS2","USH2A",0.00561797752808989,0.0184292906822176,0.0321863181571659
"Hyper.MS2","VHL",0.0107252298263534,4.457794337968e-06,4.49660759246862e-05
"Hyper.MS2","ZBTB20",0.00919305413687436,3.4073709793281e-06,4.31600324048227e-05
"Hyper.MS2","ZFHX4",0.00817160367722165,0.0264921812963755,0.0431444095398115
"Hyper.MS2","ZFP36L2",0.00970377936670072,1.22240709762246e-06,1.74193011411201e-05
"Hyper.MS2","ZNF292",0.00715015321756895,0.0373439428089072,0.0560159142133608
"Hyper.MS2","ZNF318",0.00612870275791624,0.0253606896023078,0.0419002697777259
"Hyper.MS2","ZNF469",0.00817160367722165,6.83183763563965e-05,0.0002995498040242
"Hyper.MS3","ABR",0.00510725229826353,1.53968628059606e-06,9.75134644377505e-06
"Hyper.MS3","ACVR2A",0.00919305413687436,0.00132297338965585,0.00282884392358622
"Hyper.MS3","AHNAK2",0.00663942798774259,0.000533946758251924,0.00121739860881439
"Hyper.MS3","ANK2",0.00510725229826353,0.000989983646490252,0.0021703487634594
"Hyper.MS3","ANK3",0.00868232890704801,6.92621667784311e-08,1.31537361335212e-06
"Hyper.MS3","APC",0.0388151174668029,1.45007888124015e-33,1.65308992461378e-31
"Hyper.MS3","ARID1A",0.0224719101123595,1.33874422555862e-06,8.97746127727545e-06
"Hyper.MS3","ARID1B",0.00510725229826353,0.00809214669431399,0.0144141362992468
"Hyper.MS3","ARID2",0.00970377936670072,0.000438543978724208,0.00108666809620005
"Hyper.MS3","ASPM",0.00817160367722165,1.94110837510266e-05,8.16792431188121e-05
"Hyper.MS3","ASXL1",0.00663942798774259,0.000374224165230367,0.000969580791733223
"Hyper.MS3","ATM",0.00817160367722165,0.00133997870064611,0.00282884392358622
"Hyper.MS3","BCL9L",0.00561797752808989,4.47690469540976e-07,4.6397012297883e-06
"Hyper.MS3","BMPR2",0.00612870275791624,1.05800148122234e-08,2.41224337718693e-07
"Hyper.MS3","BRCA2",0.00715015321756895,0.0066780694863923,0.0126883320241454
"Hyper.MS3","CACNA1A",0.00663942798774259,0.00861734072530681,0.0149820895401573
"Hyper.MS3","CDH1",0.0148110316649642,9.54670747801617e-07,6.80202907808652e-06
"Hyper.MS3","CDK12",0.00663942798774259,0.0164185220751444,0.0256398837885817
"Hyper.MS3","CHD3",0.00510725229826353,2.38861112318637e-06,1.36150834021623e-05
"Hyper.MS3","CHD8",0.00612870275791624,0.0077799250993432,0.0140779597035734
"Hyper.MS3","COL18A1",0.00510725229826353,0.00867384131272265,0.0149820895401573
"Hyper.MS3","CPAMD8",0.00561797752808989,0.000361638309516658,0.000958762029881374
"Hyper.MS3","CSMD3",0.0132788559754852,0.000448012285275458,0.00108666809620005
"Hyper.MS3","DENND4B",0.00561797752808989,2.90795276353285e-05,0.000110132483155735
"Hyper.MS3","DNAH11",0.00561797752808989,8.90949491002748e-06,4.23237712503192e-05
"Hyper.MS3","DOCK3",0.00970377936670072,1.01420557405987e-07,1.44524294303532e-06
"Hyper.MS3","DST",0.00561797752808989,0.0247957825299357,0.0357812558026921
"Hyper.MS3","FAT1",0.0143003064351379,0.0482920585884024,0.0688161834884734
"Hyper.MS3","FBXW7",0.00715015321756895,0.000384087919528314,0.000973022729471728
"Hyper.MS3","FHOD3",0.00510725229826353,2.06125884703426e-05,8.16792431188121e-05
"Hyper.MS3","FLNB",0.00561797752808989,5.00603136608105e-07,4.755729797777e-06
"Hyper.MS3","FMN2",0.00510725229826353,0.00015275429564889,0.000424731456194473
"Hyper.MS3","FRAS1",0.00561797752808989,0.00242669902267678,0.00494006586759202
"Hyper.MS3","GATA3",0.0250255362614913,0.000141806686729846,0.000404149057180061
"Hyper.MS3","HERC2",0.00510725229826353,0.00894905568688956,0.0150028286515502
"Hyper.MS3","HYDIN",0.00561797752808989,1.13525106497373e-05,5.17674485628022e-05
"Hyper.MS3","KIAA1109",0.00510725229826353,0.0637963642035784,0.0865807799905706
"Hyper.MS3","KIF26A",0.00561797752808989,4.79327888159195e-06,2.48378996591583e-05
"Hyper.MS3","LARP4B",0.00612870275791624,5.68847284276911e-05,0.000180134973354355
"Hyper.MS3","LRP1B",0.00919305413687436,0.0174313729680094,0.026853736734501
"Hyper.MS3","MAP2",0.00510725229826353,0.000494465548831247,0.00115038923605637
"Hyper.MS3","MAP3K12",0.00510725229826353,0.000303011036293735,0.000822458527082996
"Hyper.MS3","MBD6",0.00919305413687436,3.41965985008694e-10,1.94920611454956e-08
"Hyper.MS3","MECOM",0.00663942798774259,2.7323239243415e-07,3.46094363749923e-06
"Hyper.MS3","MEGF8",0.00663942798774259,4.12413192722309e-06,2.23881447477825e-05
"Hyper.MS3","MGA",0.00612870275791624,8.99247124852663e-05,0.000269774137455799
"Hyper.MS3","MICAL3",0.00510725229826353,0.023431707702397,0.0342463420265803
"Hyper.MS3","MKL1",0.00561797752808989,8.38985319175931e-07,6.80202907808652e-06
"Hyper.MS3","MUC5B",0.0076608784473953,5.86158234087855e-07,5.14015682200119e-06
"Hyper.MS3","NES",0.00510725229826353,4.63918702166815e-05,0.000155549211902991
"Hyper.MS3","NLRC5",0.00510725229826353,7.13914892840272e-05,0.000219962966983219
"Hyper.MS3","OBSCN",0.00715015321756895,0.0198006263209991,0.0300235521674629
"Hyper.MS3","PBRM1",0.0209397344228805,0.0200157014449753,0.0300235521674629
"Hyper.MS3","PCLO",0.0107252298263534,4.09270513314539e-05,0.000141384359145023
"Hyper.MS3","PDZD2",0.00510725229826353,0.0507039629422145,0.0713611330297834
"Hyper.MS3","PEAR1",0.00510725229826353,5.01013454036454e-05,0.000163187239314731
"Hyper.MS3","PIK3R1",0.00663942798774259,0.00278421385729267,0.00556842771458535
"Hyper.MS3","PLEKHA6",0.00510725229826353,2.09196779851483e-06,1.2551806791089e-05
"Hyper.MS3","RAD51AP2",0.00612870275791624,2.07780530740838e-05,8.16792431188121e-05
"Hyper.MS3","RB1",0.00919305413687436,0.0571020658072629,0.0793857988052191
"Hyper.MS3","REV3L",0.00663942798774259,2.99483068230509e-05,0.000110132483155735
"Hyper.MS3","RNF43",0.00715015321756895,1.48282117371089e-09,4.22604034507604e-08
"Hyper.MS3","RPL22",0.00561797752808989,0.00986785080230706,0.0163034056733769
"Hyper.MS3","SACS",0.00561797752808989,0.000869441527441557,0.00194345753192819
"Hyper.MS3","SETD2",0.0127681307456588,0.00749196583364497,0.0137755500812182
"Hyper.MS3","SLC26A7",0.00510725229826353,0.00155562177089609,0.00322437967058461
"Hyper.MS3","SOX9",0.00868232890704801,5.78434731949038e-10,2.19805198140635e-08
"Hyper.MS3","SPEG",0.00510725229826353,0.00722411477720981,0.0135008046656052
"Hyper.MS3","SPEN",0.00817160367722165,8.91026763164614e-06,4.23237712503192e-05
"Hyper.MS3","SVIL",0.00715015321756895,0.000118738128634314,0.000347080683700301
"Hyper.MS3","SYNE1",0.00919305413687436,1.57212913414436e-05,6.89318158817143e-05
"Hyper.MS3","SYNE2",0.00612870275791624,0.00397461274391828,0.00781216987597732
"Hyper.MS3","TEP1",0.00612870275791624,0.000493953285687255,0.00115038923605637
"Hyper.MS3","TG",0.0112359550561798,0.0582629507424482,0.0800238118631216
"Hyper.MS3","TOP2B",0.00510725229826353,0.0138370200751999,0.0219086151190665
"Hyper.MS3","TTN",0.0234933605720123,9.13900097652168e-07,6.80202907808652e-06
"Hyper.MS3","USH2A",0.00561797752808989,0.00630964060091254,0.0121915089576954
"Hyper.MS3","XIRP2",0.00715015321756895,0.0210892053837991,0.0312229793993909
"Hyper.MS3","ZBTB20",0.00919305413687436,8.07685552058318e-08,1.31537361335212e-06
"Hyper.MS3","ZFHX4",0.00817160367722165,0.00890027478225085,0.0150028286515502
"Hyper.MS3","ZFP36L2",0.00970377936670072,3.98032255236276e-05,0.000141384359145023
"Hyper.MS3","ZNF292",0.00715015321756895,0.0135270456917296,0.0217194818148898
"Hyper.MS3","ZNF318",0.00612870275791624,0.0102059509618321,0.0166211201378408
"Hyper.MS3","ZNF469",0.00817160367722165,4.16088654671137e-07,4.6397012297883e-06
"Hypo.MS1","ABR",0.00510725229826353,0.00685688273337252,0.021713461989013
"Hypo.MS1","AHNAK2",0.00663942798774259,0.000788482851213329,0.00408577477446907
"Hypo.MS1","ALB",0.0122574055158325,3.4235066602758e-12,1.9513987963572e-10
"Hypo.MS1","ANK2",0.00510725229826353,0.0148756911523095,0.0376850842525175
"Hypo.MS1","ANK3",0.00868232890704801,0.000138188905389227,0.000984595950898242
"Hypo.MS1","APC",0.0388151174668029,3.83609655518322e-33,4.37315007290888e-31
"Hypo.MS1","APOB",0.0102145045965271,0.000135309377809813,0.000984595950898242
"Hypo.MS1","ASPM",0.00817160367722165,0.00327288168866048,0.0115355372156456
"Hypo.MS1","ATM",0.00817160367722165,0.0421094057812017,0.0872813138010362
"Hypo.MS1","BAP1",0.00868232890704801,0.0457043830223181,0.0930410654382903
"Hypo.MS1","BCL9L",0.00561797752808989,3.30818531367919e-05,0.000342848296144934
"Hypo.MS1","BMPR2",0.00612870275791624,4.37222502850811e-06,7.12048076071321e-05
"Hypo.MS1","BRCA2",0.00715015321756895,0.0383963943513848,0.083037224832872
"Hypo.MS1","CACNA1A",0.00663942798774259,0.00170806733075934,0.00721183984098388
"Hypo.MS1","CHD3",0.00510725229826353,0.00339898342118975,0.0115355372156456
"Hypo.MS1","CHD8",0.00612870275791624,0.00479102886968779,0.0156050654612688
"Hypo.MS1","CSMD3",0.0132788559754852,0.0491936482469311,0.0983872964938622
"Hypo.MS1","DENND4B",0.00561797752808989,0.00195812479765557,0.00797236524759767
"Hypo.MS1","DOCK3",0.00970377936670072,1.76543368100851e-06,3.35432399391616e-05
"Hypo.MS1","FBXW7",0.00715015321756895,0.000474415328504564,0.00284649197102738
"Hypo.MS1","FLNB",0.00561797752808989,0.00218480559639117,0.00846380861410879
"Hypo.MS1","FMN2",0.00510725229826353,0.0405418878047259,0.085588429809977
"Hypo.MS1","FRAS1",0.00561797752808989,0.0361865898095169,0.0808876713389202
"Hypo.MS1","HMCN1",0.00715015321756895,0.0189159313853828,0.0468786125637747
"Hypo.MS1","HYDIN",0.00561797752808989,0.00158848169929378,0.00721183984098388
"Hypo.MS1","KEAP1",0.00510725229826353,0.00921695182191719,0.0269418591717579
"Hypo.MS1","KIF26A",0.00561797752808989,2.01775299098662e-05,0.000230023840972474
"Hypo.MS1","LARP4B",0.00612870275791624,0.000592890238107246,0.00324211061164803
"Hypo.MS1","MAP2",0.00510725229826353,0.0134947329502137,0.0359402340382962
"Hypo.MS1","MAP3K12",0.00510725229826353,0.000905633150497561,0.00448879039811835
"Hypo.MS1","MBD6",0.00919305413687436,8.86126531542544e-08,2.52546061489625e-06
"Hypo.MS1","MECOM",0.00663942798774259,6.71029628114884e-05,0.00063747814670914
"Hypo.MS1","MEGF8",0.00663942798774259,0.00167397708637016,0.00721183984098388
"Hypo.MS1","MICAL3",0.00510725229826353,0.0359465099688901,0.0808876713389202
"Hypo.MS1","MKL1",0.00561797752808989,0.000207316089209411,0.00131300189832627
"Hypo.MS1","MUC5B",0.0076608784473953,0.00059723090214569,0.00324211061164803
"Hypo.MS1","NES",0.00510725229826353,0.00157977163097979,0.00721183984098388
"Hypo.MS1","NLRC5",0.00510725229826353,0.0344371406421242,0.0801190619020849
"Hypo.MS1","OBSCN",0.00715015321756895,0.0138716692779389,0.0359402340382962
"Hypo.MS1","PDZD2",0.00510725229826353,0.0386050255801949,0.083037224832872
"Hypo.MS1","PEAR1",0.00510725229826353,0.00222731805634442,0.00846380861410879
"Hypo.MS1","PIK3R1",0.00663942798774259,0.0123373065635801,0.0343037304450764
"Hypo.MS1","PLEKHA6",0.00510725229826353,0.00316159603725265,0.0115355372156456
"Hypo.MS1","RAD51AP2",0.00612870275791624,9.28323600235621e-05,0.000814068387898929
"Hypo.MS1","RB1",0.00919305413687436,0.0113540446292264,0.0323590271932951
"Hypo.MS1","REV3L",0.00663942798774259,0.0135911087586979,0.0359402340382962
"Hypo.MS1","RNF43",0.00715015321756895,7.48190635233239e-07,1.70587464833178e-05
"Hypo.MS1","SACS",0.00561797752808989,0.00344042338010484,0.0115355372156456
"Hypo.MS1","SOX9",0.00868232890704801,2.38515499293196e-09,9.06358897314144e-08
"Hypo.MS1","SPEN",0.00817160367722165,0.0222563238220557,0.0539834237386031
"Hypo.MS1","SVIL",0.00715015321756895,0.00879364687754204,0.0263809406326261
"Hypo.MS1","SYNE1",0.00919305413687436,0.0322529950788496,0.0766008633122678
"Hypo.MS1","SYNE2",0.00612870275791624,0.00800774068841984,0.0246724983372936
"Hypo.MS1","TTN",0.0234933605720123,0.000197643770535494,0.00131300189832627
"Hypo.MS1","ZBTB20",0.00919305413687436,1.22674562571529e-05,0.00015538777925727
"Hypo.MS1","ZFP36L2",0.00970377936670072,7.67789170062322e-06,0.000109409956733881
"Hypo.MS1","ZNF469",0.00817160367722165,0.000118666046458734,0.000966280664021116
"Hypo.MS2","ABR",0.00510725229826353,9.36122348251893e-06,3.93941283596167e-05
"Hypo.MS2","ACVR2A",0.00919305413687436,0.00278388618752285,0.00534099292297184
"Hypo.MS2","AHNAK2",0.00663942798774259,0.000397295509541512,0.00096365293803686
"Hypo.MS2","ALB",0.0122574055158325,0.00375486810691795,0.00690411232562333
"Hypo.MS2","ANK2",0.00510725229826353,0.00774333962402315,0.0131752345841588
"Hypo.MS2","ANK3",0.00868232890704801,1.32742338954316e-07,1.681402960088e-06
"Hypo.MS2","APC",0.0388151174668029,1.15578473813387e-32,1.31759460147261e-30
"Hypo.MS2","ARID1A",0.0224719101123595,0.000284028750729723,0.000735892672345191
"Hypo.MS2","ARID1B",0.00510725229826353,0.020853759236654,0.0321260615267372
"Hypo.MS2","ASPM",0.00817160367722165,1.92294854101386e-07,2.1921613367558e-06
"Hypo.MS2","ASXL1",0.00663942798774259,0.00962623910965148,0.016138106742651
"Hypo.MS2","ATM",0.00817160367722165,3.00144774264806e-06,1.55529564846308e-05
"Hypo.MS2","BCL9L",0.00561797752808989,3.61632984894497e-07,2.29034223766515e-06
"Hypo.MS2","BMPR2",0.00612870275791624,9.57671987613389e-09,2.18349213175853e-07
"Hypo.MS2","BRCA2",0.00715015321756895,0.00494353774031737,0.00889497115983586
"Hypo.MS2","CACNA1A",0.00663942798774259,0.000140286842678443,0.000410069232444679
"Hypo.MS2","CHD3",0.00510725229826353,9.318924124699e-05,0.000287123608166402
"Hypo.MS2","CHD8",0.00612870275791624,0.000232607106271034,0.000616679304997626
"Hypo.MS2","COL18A1",0.00510725229826353,0.0625224360447284,0.0831015065639
"Hypo.MS2","CPAMD8",0.00561797752808989,0.000584330466339876,0.00135946271760706
"Hypo.MS2","CSMD3",0.0132788559754852,3.20786805360088e-05,0.000121898986036833
"Hypo.MS2","CUBN",0.00663942798774259,0.00306075337124944,0.00572009646430224
"Hypo.MS2","DENND4B",0.00561797752808989,5.75674466307944e-06,2.52411112150406e-05
"Hypo.MS2","DNAH11",0.00561797752808989,0.000190881871035036,0.000544013332449852
"Hypo.MS2","DOCK3",0.00970377936670072,3.27621285122039e-07,2.29034223766515e-06
"Hypo.MS2","EYS",0.00561797752808989,0.0113492004881211,0.017969567439525
"Hypo.MS2","FAT2",0.00510725229826353,0.0503732694422406,0.0683637228144693
"Hypo.MS2","FBXW7",0.00715015321756895,0.0110166753270369,0.0179414426754601
"Hypo.MS2","FHOD3",0.00510725229826353,8.59048490573505e-05,0.000272032022014943
"Hypo.MS2","FLNB",0.00561797752808989,3.08681814287078e-07,2.29034223766515e-06
"Hypo.MS2","FMN2",0.00510725229826353,0.000326785368980745,0.00080985939269141
"Hypo.MS2","FOXA1",0.00868232890704801,1.02010134857706e-05,4.01005357716499e-05
"Hypo.MS2","FRAS1",0.00561797752808989,0.000694547181544258,0.00155251722933422
"Hypo.MS2","HERC2",0.00510725229826353,0.0336326522584772,0.04792652946833
"Hypo.MS2","HYDIN",0.00561797752808989,4.84248266936327e-06,2.29787082365635e-05
"Hypo.MS2","KIF26A",0.00561797752808989,2.49364573765835e-07,2.29034223766515e-06
"Hypo.MS2","LARP4B",0.00612870275791624,5.34921217181806e-07,3.20952730309083e-06
"Hypo.MS2","LRP1B",0.00919305413687436,9.67575082516901e-06,3.93941283596167e-05
"Hypo.MS2","LRP2",0.00561797752808989,0.0370998732467378,0.0522146364213346
"Hypo.MS2","MAP2",0.00510725229826353,0.000216391302072387,0.000587347819910765
"Hypo.MS2","MAP3K12",0.00510725229826353,0.000206568103782199,0.000574360093443187
"Hypo.MS2","MBD6",0.00919305413687436,8.51942059137849e-09,2.18349213175853e-07
"Hypo.MS2","MECOM",0.00663942798774259,1.67934384168107e-06,9.11643799769723e-06
"Hypo.MS2","MEGF8",0.00663942798774259,2.93235805207916e-07,2.29034223766515e-06
"Hypo.MS2","MGA",0.00612870275791624,6.56369120721048e-05,0.000226745696249089
"Hypo.MS2","MICAL3",0.00510725229826353,0.000296521901724157,0.000751188817701198
"Hypo.MS2","MKL1",0.00561797752808989,1.06730382586338e-07,1.52090795185531e-06
"Hypo.MS2","MUC16",0.00817160367722165,0.0390213462166123,0.0542491886426073
"Hypo.MS2","MUC5B",0.0076608784473953,3.16169678956787e-07,2.29034223766515e-06
"Hypo.MS2","NES",0.00510725229826353,7.24067533356858e-05,0.00024054256306669
"Hypo.MS2","NF1",0.00612870275791624,0.0732446614851582,0.0938190045989666
"Hypo.MS2","NIPBL",0.00715015321756895,0.0656941227640679,0.0860819539667097
"Hypo.MS2","NLRC5",0.00510725229826353,6.52675995495612e-05,0.000226745696249089
"Hypo.MS2","OBSCN",0.00715015321756895,0.0626906102148719,0.0831015065639
"Hypo.MS2","PBRM1",0.0209397344228805,0.0112757190536801,0.017969567439525
"Hypo.MS2","PCLO",0.0107252298263534,0.00138196749979046,0.00297253386747381
"Hypo.MS2","PDZD2",0.00510725229826353,0.026357754696338,0.0385228722484939
"Hypo.MS2","PEAR1",0.00510725229826353,3.15017635341099e-06,1.56139175777762e-05
"Hypo.MS2","PIK3R1",0.00663942798774259,0.0103365114995063,0.0170777146513583
"Hypo.MS2","PLEKHA6",0.00510725229826353,4.09138115821072e-05,0.000150457242592265
"Hypo.MS2","PTEN",0.015832482124617,0.0222877883773652,0.0334316825660479
"Hypo.MS2","RAD51AP2",0.00612870275791624,5.03919040275516e-06,2.29787082365635e-05
"Hypo.MS2","REV3L",0.00663942798774259,0.00224257367598137,0.00448514735196274
"Hypo.MS2","RNF43",0.00715015321756895,2.63655822368204e-09,1.50283818749876e-07
"Hypo.MS2","RPL22",0.00561797752808989,0.0488749879078047,0.0671295014637318
"Hypo.MS2","SACS",0.00561797752808989,0.0020741975060676,0.00422247349449476
"Hypo.MS2","SETBP1",0.00561797752808989,0.00105411544880468,0.00231094540699488
"Hypo.MS2","SETD2",0.0127681307456588,0.021592186215832,0.0328201230480646
"Hypo.MS2","SLC26A7",0.00510725229826353,0.0231586294042978,0.0342868019751941
"Hypo.MS2","SOX9",0.00868232890704801,2.23187425641046e-08,4.24056108717987e-07
"Hypo.MS2","SPEG",0.00510725229826353,0.00156463784718667,0.00330312434406076
"Hypo.MS2","SPEN",0.00817160367722165,0.0699537024625576,0.090621841826495
"Hypo.MS2","SRCAP",0.00715015321756895,0.00233742907240004,0.00459425714230352
"Hypo.MS2","STK11",0.00715015321756895,7.385078690644e-05,0.00024054256306669
"Hypo.MS2","SVIL",0.00715015321756895,2.33536245795515e-07,2.29034223766515e-06
"Hypo.MS2","SYNE1",0.00919305413687436,5.73046345351438e-09,2.17757611233547e-07
"Hypo.MS2","SYNE2",0.00612870275791624,0.00556955063131523,0.00976813495338363
"Hypo.MS2","TEP1",0.00612870275791624,0.00499366801955698,0.00889497115983586
"Hypo.MS2","TG",0.0112359550561798,0.0290305676801575,0.041892211589088
"Hypo.MS2","TOP2B",0.00510725229826353,0.00180284887880706,0.00373681403970917
"Hypo.MS2","TTN",0.0234933605720123,1.47897691605103e-06,8.43016842149087e-06
"Hypo.MS2","USH2A",0.00561797752808989,0.0123934026918552,0.0193540809160479
"Hypo.MS2","XIRP2",0.00715015321756895,0.000596663319552058,0.00136039236857869
"Hypo.MS2","ZBTB20",0.00919305413687436,3.60001362726965e-07,2.29034223766515e-06
"Hypo.MS2","ZFHX4",0.00817160367722165,0.00013709840385126,0.000410069232444679
"Hypo.MS2","ZFP36L2",0.00970377936670072,0.00281104890682729,0.00534099292297184
"Hypo.MS2","ZNF292",0.00715015321756895,0.007451657265826,0.0128710443682449
"Hypo.MS2","ZNF318",0.00612870275791624,0.000439329657313294,0.00104340793611907
"Hypo.MS2","ZNF469",0.00817160367722165,8.2288219143444e-08,1.34012242605037e-06
"Hypo.MS3","ABR",0.00510725229826353,0.00258937905968233,0.00770170286772075
"Hypo.MS3","ACVR2A",0.00919305413687436,0.000196079932483985,0.00131488895901025
"Hypo.MS3","AHDC1",0.00561797752808989,0.0271928920285567,0.0525421981568722
"Hypo.MS3","AHNAK2",0.00663942798774259,0.0004844533765285,0.00240120369235865
"Hypo.MS3","ANK2",0.00510725229826353,0.0118082498988176,0.0249285275641705
"Hypo.MS3","ANK3",0.00868232890704801,0.000116183314423582,0.000827806115268019
"Hypo.MS3","APC",0.0388151174668029,9.63642534056731e-30,1.09855248882467e-27
"Hypo.MS3","ARID1A",0.0224719101123595,0.000423794907400721,0.00219602815653101
"Hypo.MS3","ASPM",0.00817160367722165,0.000905741067817448,0.00333078973326416
"Hypo.MS3","ASXL1",0.00663942798774259,0.00916843967632629,0.0213306555734938
"Hypo.MS3","BCL9L",0.00561797752808989,1.73012329987249e-05,0.000164361713487887
"Hypo.MS3","BMPR2",0.00612870275791624,1.28688829157703e-06,2.09578950342545e-05
"Hypo.MS3","CACNA1A",0.00663942798774259,0.000715981128612578,0.00291506602363693
"Hypo.MS3","CHD3",0.00510725229826353,0.00436318932039667,0.0115675251750051
"Hypo.MS3","CHD8",0.00612870275791624,0.0116634960552076,0.0249285275641705
"Hypo.MS3","COL18A1",0.00510725229826353,0.0238814217846509,0.0472142656299388
"Hypo.MS3","CPAMD8",0.00561797752808989,0.0108403674511432,0.0237654209505832
"Hypo.MS3","CSMD3",0.0132788559754852,0.0182348159175632,0.0371208752607536
"Hypo.MS3","DENND4B",0.00561797752808989,0.00245696940378024,0.00757012194678237
"Hypo.MS3","DNAH11",0.00561797752808989,0.00270235188341079,0.00770170286772075
"Hypo.MS3","DOCK3",0.00970377936670072,5.84350524933925e-07,1.33231919684935e-05
"Hypo.MS3","EYS",0.00561797752808989,0.0504285861782265,0.0912517273701242
"Hypo.MS3","FAT1",0.0143003064351379,0.0553387222628842,0.0985720990307625
"Hypo.MS3","FBXW7",0.00715015321756895,0.000607189383291642,0.00276878358780989
"Hypo.MS3","FLNB",0.00561797752808989,0.000657540554797534,0.00286963575815732
"Hypo.MS3","FOXA1",0.00868232890704801,1.45267806054067e-05,0.000163041881328239
"Hypo.MS3","FRAS1",0.00561797752808989,0.000877827807311591,0.00333078973326416
"Hypo.MS3","HYDIN",0.00561797752808989,0.00106817279727114,0.00369005148148212
"Hypo.MS3","KIAA1109",0.00510725229826353,0.0240212930397934,0.0472142656299388
"Hypo.MS3","KIF26A",0.00561797752808989,1.04144918373075e-05,0.000131916896605895
"Hypo.MS3","LARP4B",0.00612870275791624,5.76322354791962e-05,0.000469291060330598
"Hypo.MS3","LRP2",0.00561797752808989,0.0458300099707619,0.0842680828494654
"Hypo.MS3","MAP2",0.00510725229826353,0.00397225905037726,0.0107818459938811
"Hypo.MS3","MAP3K12",0.00510725229826353,0.00826834870228164,0.0200551436608533
"Hypo.MS3","MBD6",0.00919305413687436,4.44666293523021e-07,1.26729893654061e-05
"Hypo.MS3","MECOM",0.00663942798774259,0.000242696740715421,0.00153707935786433
"Hypo.MS3","MEGF8",0.00663942798774259,0.000679650574300417,0.00286963575815732
"Hypo.MS3","MKL1",0.00561797752808989,6.57295205025612e-05,0.000499544355819465
"Hypo.MS3","MUC5B",0.0076608784473953,2.98457727631395e-05,0.000261724468845992
"Hypo.MS3","NES",0.00510725229826353,0.000257976514929342,0.00154785908957605
"Hypo.MS3","NIPBL",0.00715015321756895,0.00482815683472946,0.0125093154354354
"Hypo.MS3","NLRC5",0.00510725229826353,0.0173844645885789,0.036033253874509
"Hypo.MS3","OBSCN",0.00715015321756895,0.00338696535894634,0.0094174158760947
"Hypo.MS3","PCLO",0.0107252298263534,0.00943891738726361,0.021520731642961
"Hypo.MS3","PEAR1",0.00510725229826353,0.000820487461970339,0.0032253645056765
"Hypo.MS3","PIK3R1",0.00663942798774259,0.0003087702996639,0.00167618162674689
"Hypo.MS3","PLEKHA6",0.00510725229826353,0.00121985079370953,0.004090087955379
"Hypo.MS3","RAD51AP2",0.00612870275791624,5.77488108629898e-06,8.22920554797604e-05
"Hypo.MS3","RBBP6",0.00510725229826353,0.0366464381161469,0.0696282324206791
"Hypo.MS3","REV3L",0.00663942798774259,0.00211357266208779,0.00688420809937167
"Hypo.MS3","RNF43",0.00715015321756895,7.14310181739371e-07,1.3571893453048e-05
"Hypo.MS3","RPL22",0.00561797752808989,0.00894579799733767,0.021246270243677
"Hypo.MS3","SACS",0.00561797752808989,0.0103838578234735,0.0232109763112937
"Hypo.MS3","SOX9",0.00868232890704801,6.08314867775631e-09,3.46739474632109e-07
"Hypo.MS3","SPEG",0.00510725229826353,0.00229921781851233,0.00728085642528904
"Hypo.MS3","SPEN",0.00817160367722165,0.0385605605829276,0.0720639984664549
"Hypo.MS3","SVIL",0.00715015321756895,0.00264991250135636,0.00770170286772075
"Hypo.MS3","SYNE1",0.00919305413687436,0.00722791230253213,0.0179126522280144
"Hypo.MS3","SYNE2",0.00612870275791624,0.00527868705374506,0.0133726738694875
"Hypo.MS3","TEP1",0.00612870275791624,0.000512220431316939,0.00243304704875546
"Hypo.MS3","TTN",0.0234933605720123,0.00029204883949734,0.00166467838513484
"Hypo.MS3","ZBTB20",0.00919305413687436,3.39142792432847e-07,1.26729893654061e-05
"Hypo.MS3","ZFP36L2",0.00970377936670072,0.00103043078103124,0.00367090965742379
"Hypo.MS3","ZNF469",0.00817160367722165,1.57321113562336e-05,0.000163041881328239
"Hypo.MS4","ABR",0.00510725229826353,0.000297809223322599,0.00141459381078234
"Hypo.MS4","ACVR2A",0.00919305413687436,0.00035147017148756,0.00154106152113776
"Hypo.MS4","AHNAK2",0.00663942798774259,0.0150991069224136,0.0374195258511989
"Hypo.MS4","ANK3",0.00868232890704801,1.64045681168247e-06,2.71698926073426e-05
"Hypo.MS4","APC",0.0388151174668029,7.84544793914344e-33,8.94381065062352e-31
"Hypo.MS4","ARID1A",0.0224719101123595,4.40321954790107e-05,0.000313729392787952
"Hypo.MS4","ARID2",0.00970377936670072,0.017269108894617,0.0418867747656667
"Hypo.MS4","ASPM",0.00817160367722165,0.00067720891088221,0.00242646799217936
"Hypo.MS4","ATM",0.00817160367722165,0.022517420391712,0.0483502146570653
"Hypo.MS4","BCL9L",0.00561797752808989,2.54196287427954e-05,0.000193189178445245
"Hypo.MS4","BMPR2",0.00612870275791624,1.68459455010647e-06,2.71698926073426e-05
"Hypo.MS4","CACNA1A",0.00663942798774259,0.040123473305186,0.0741419378760011
"Hypo.MS4","CDK12",0.00663942798774259,0.0393650253728161,0.0741419378760011
"Hypo.MS4","CHD3",0.00510725229826353,0.000489311143186254,0.00185938234410776
"Hypo.MS4","CHD8",0.00612870275791624,0.00444351152288243,0.0123691987239794
"Hypo.MS4","COL18A1",0.00510725229826353,0.00272655226438035,0.00817965679314104
"Hypo.MS4","DENND4B",0.00561797752808989,0.0207801788211383,0.0473788077121954
"Hypo.MS4","DNAH11",0.00561797752808989,0.0229027332586099,0.0483502146570653
"Hypo.MS4","DOCK3",0.00970377936670072,1.69965383196953e-05,0.000138400383460376
"Hypo.MS4","FAT1",0.0143003064351379,5.78785312349205e-07,1.64953814019523e-05
"Hypo.MS4","FHOD3",0.00510725229826353,0.0220286511152702,0.0482935812911693
"Hypo.MS4","FLNB",0.00561797752808989,0.000681113822366137,0.00242646799217936
"Hypo.MS4","FMN2",0.00510725229826353,0.021963701689935,0.0482935812911693
"Hypo.MS4","FOXA1",0.00868232890704801,0.000159606197551245,0.000909755326042098
"Hypo.MS4","FRAS1",0.00561797752808989,0.00233792424110339,0.0072033341482645
"Hypo.MS4","HYDIN",0.00561797752808989,0.0123747014857784,0.0320617265767896
"Hypo.MS4","KEAP1",0.00510725229826353,0.0321618732204376,0.0643237464408753
"Hypo.MS4","KIAA1109",0.00510725229826353,0.0133055027179003,0.033707273552014
"Hypo.MS4","KIF26A",0.00561797752808989,1.63269390748709e-05,0.000138400383460376
"Hypo.MS4","LARP4B",0.00612870275791624,0.000224337615784804,0.00111193426954207
"Hypo.MS4","MBD6",0.00919305413687436,1.27813429803809e-06,2.71698926073426e-05
"Hypo.MS4","MECOM",0.00663942798774259,6.68014338804144e-06,6.92305769306113e-05
"Hypo.MS4","MEGF8",0.00663942798774259,0.000424047809295216,0.00166694656067774
"Hypo.MS4","MGA",0.00612870275791624,0.0409731761946322,0.0741419378760011
"Hypo.MS4","MICAL3",0.00510725229826353,0.0361951644815083,0.0711422198429646
"Hypo.MS4","MKL1",0.00561797752808989,8.66900118871789e-06,8.235551129282e-05
"Hypo.MS4","MUC5B",0.0076608784473953,7.98143673357135e-05,0.000505490993126185
"Hypo.MS4","NES",0.00510725229826353,0.000401262222675414,0.00166694656067774
"Hypo.MS4","NIPBL",0.00715015321756895,0.0199515358263828,0.0473788077121954
"Hypo.MS4","NOTCH1",0.00510725229826353,0.0003338921230011,0.00152254808088501
"Hypo.MS4","NSD1",0.00868232890704801,8.68365357177889e-05,0.000521019214306734
"Hypo.MS4","OBSCN",0.00715015321756895,0.00137112375550798,0.00436321928586465
"Hypo.MS4","PCLO",0.0107252298263534,0.0409622071427752,0.0741419378760011
"Hypo.MS4","PEAR1",0.00510725229826353,0.00444857147090488,0.0123691987239794
"Hypo.MS4","PLEKHA6",0.00510725229826353,0.000219277486014834,0.00111193426954207
"Hypo.MS4","PTEN",0.015832482124617,0.00609948785679976,0.0165557527541708
"Hypo.MS4","RAD51AP2",0.00612870275791624,7.71261740246288e-05,0.000505490993126185
"Hypo.MS4","REV3L",0.00663942798774259,0.000740753597934026,0.00255896697468118
"Hypo.MS4","RNF43",0.00715015321756895,2.99215042221663e-06,3.7900572014744e-05
"Hypo.MS4","SACS",0.00561797752808989,0.000186869672970077,0.00101443536755185
"Hypo.MS4","SOX9",0.00868232890704801,1.67672877156739e-10,6.37156933195608e-09
"Hypo.MS4","SPEG",0.00510725229826353,0.0286422621097742,0.0583074621520404
"Hypo.MS4","SPEN",0.00817160367722165,0.000974266785542796,0.00326665922211408
"Hypo.MS4","STK11",0.00715015321756895,0.0119792320360379,0.0317588942350772
"Hypo.MS4","SVIL",0.00715015321756895,0.000421707634858733,0.00166694656067774
"Hypo.MS4","SYNE1",0.00919305413687436,0.0204034788474266,0.0473788077121954
"Hypo.MS4","SYNE2",0.00612870275791624,0.0270519276251584,0.0560712681685101
"Hypo.MS4","TEP1",0.00612870275791624,0.001377858721852,0.00436321928586465
"Hypo.MS4","TP53",0.0577119509703779,8.1435076510484e-12,4.64179936109759e-10
"Hypo.MS4","TTN",0.0234933605720123,0.00374178315061593,0.0109375199787235
"Hypo.MS4","ZBTB20",0.00919305413687436,6.58111476899285e-06,6.92305769306113e-05
"Hypo.MS4","ZFHX3",0.00970377936670072,0.0387004453327763,0.0741419378760011
"Hypo.MS4","ZNF469",0.00817160367722165,1.90665913033983e-06,2.71698926073426e-05
"Hypo.MS5","ABR",0.00510725229826353,0.000535325533509401,0.00214551356483333
"Hypo.MS5","ACVR2A",0.00919305413687436,1.38130381063577e-05,0.000131223862010398
"Hypo.MS5","AHDC1",0.00561797752808989,0.0127151754757301,0.0273496227213817
"Hypo.MS5","AHNAK2",0.00663942798774259,0.000545788538422514,0.00214551356483333
"Hypo.MS5","ANK2",0.00510725229826353,0.0396441652694374,0.0679901392039307
"Hypo.MS5","ANK3",0.00868232890704801,3.04782678930822e-05,0.000217159246111148
"Hypo.MS5","APC",0.0388151174668029,3.21705992961415e-35,3.66744831976013e-33
"Hypo.MS5","ARID1A",0.0224719101123595,5.61253186253818e-06,7.1092070258817e-05
"Hypo.MS5","ASPM",0.00817160367722165,0.00206182395833486,0.00618547187500457
"Hypo.MS5","ASXL1",0.00663942798774259,0.00139416218429229,0.00454098540026631
"Hypo.MS5","BAP1",0.00868232890704801,0.0252143863011418,0.0463619361020994
"Hypo.MS5","BCL9L",0.00561797752808989,3.04784906822664e-05,0.000217159246111148
"Hypo.MS5","BMPR2",0.00612870275791624,1.43005612473094e-06,2.32894854599039e-05
"Hypo.MS5","BRCA2",0.00715015321756895,0.0170287738863788,0.0340575477727576
"Hypo.MS5","CACNA1A",0.00663942798774259,0.00423405560036533,0.0104930943139489
"Hypo.MS5","CDK12",0.00663942798774259,0.0405555216304148,0.0679901392039307
"Hypo.MS5","CHD3",0.00510725229826353,0.000115218362924361,0.000691310177546166
"Hypo.MS5","CHD8",0.00612870275791624,0.00544807548107143,0.0132144809540881
"Hypo.MS5","COL18A1",0.00510725229826353,0.00341126815750014,0.00962164804533015
"Hypo.MS5","CPAMD8",0.00561797752808989,0.0162907161513528,0.0334064704442143
"Hypo.MS5","DENND4B",0.00561797752808989,0.00816578046838024,0.018617979467907
"Hypo.MS5","DNAH11",0.00561797752808989,0.00934565334623276,0.0208902839504026
"Hypo.MS5","DOCK3",0.00970377936670072,5.58121821917131e-06,7.1092070258817e-05
"Hypo.MS5","EYS",0.00561797752808989,0.0224259309022021,0.0440785538422593
"Hypo.MS5","FBXW7",0.00715015321756895,0.00398330658883946,0.0100910433583933
"Hypo.MS5","FHOD3",0.00510725229826353,0.029052909246558,0.0525719310175812
"Hypo.MS5","FLNB",0.00561797752808989,0.000354331282216212,0.00161575064690593
"Hypo.MS5","FMN2",0.00510725229826353,0.0380811730860264,0.0667885189508771
"Hypo.MS5","FOXA1",0.00868232890704801,0.00354481770091111,0.00962164804533015
"Hypo.MS5","FRAS1",0.00561797752808989,0.00148122945231755,0.00469055993233892
"Hypo.MS5","HYDIN",0.00561797752808989,0.0164101960076842,0.0334064704442143
"Hypo.MS5","KIAA1109",0.00510725229826353,0.0074828157179884,0.0174089998336873
"Hypo.MS5","KIF26A",0.00561797752808989,1.85524851252325e-05,0.00015107023601975
"Hypo.MS5","LARP4B",0.00612870275791624,6.45118815877727e-05,0.000432609088294476
"Hypo.MS5","LRP2",0.00561797752808989,0.054059247410909,0.0880393457834804
"Hypo.MS5","MAP2",0.00510725229826353,0.0319371168778316,0.0568879894386375
"Hypo.MS5","MAP3K12",0.00510725229826353,0.00967937914156669,0.0212201773488193
"Hypo.MS5","MBD6",0.00919305413687436,1.24282710795785e-07,4.72274301023982e-06
"Hypo.MS5","MECOM",0.00663942798774259,7.92461544076917e-06,9.03406160247685e-05
"Hypo.MS5","MEGF8",0.00663942798774259,0.00115605321929824,0.00399363839393939
"Hypo.MS5","MICAL3",0.00510725229826353,0.0247313547904017,0.0462192532148491
"Hypo.MS5","MKL1",0.00561797752808989,0.000104457311087536,0.000661562970221063
"Hypo.MS5","MUC5B",0.0076608784473953,0.000292616842444952,0.00138993000161352
"Hypo.MS5","NES",0.00510725229826353,0.000285788201396505,0.00138993000161352
"Hypo.MS5","NF1",0.00612870275791624,0.040170049862544,0.0679901392039307
"Hypo.MS5","NIPBL",0.00715015321756895,0.00364363680169931,0.00963428928978018
"Hypo.MS5","NLRC5",0.00510725229826353,0.0527950963497131,0.0872266809256129
"Hypo.MS5","OBSCN",0.00715015321756895,0.00091955817660806,0.00348214769882641
"Hypo.MS5","PCLO",0.0107252298263534,0.00574112709729459,0.0136351768560746
"Hypo.MS5","PEAR1",0.00510725229826353,0.000495502486672172,0.00214551356483333
"Hypo.MS5","PIK3R1",0.00663942798774259,0.00124295861706089,0.00416756712779241
"Hypo.MS5","PLEKHA6",0.00510725229826353,0.000212128832123821,0.00109921303918707
"Hypo.MS5","PTEN",0.015832482124617,0.0231071944325848,0.044647799412113
"Hypo.MS5","RAD51AP2",0.00612870275791624,1.76086365122077e-05,0.00015107023601975
"Hypo.MS5","REV3L",0.00663942798774259,0.00053688455023244,0.00214551356483333
"Hypo.MS5","RNF43",0.00715015321756895,1.25710387246506e-06,2.32894854599039e-05
"Hypo.MS5","SACS",0.00561797752808989,0.00311260502015161,0.00909838390505856
"Hypo.MS5","SOX9",0.00868232890704801,1.48100668670235e-10,8.44173811420338e-09
"Hypo.MS5","SPEG",0.00510725229826353,0.00371849762061691,0.00963428928978018
"Hypo.MS5","SPEN",0.00817160367722165,0.000946899812838761,0.00348214769882641
"Hypo.MS5","STK11",0.00715015321756895,0.00106855887519722,0.00380674099289011
"Hypo.MS5","SVIL",0.00715015321756895,0.00351316873135918,0.00962164804533015
"Hypo.MS5","SYNE1",0.00919305413687436,0.0141886846157672,0.0299538897443974
"Hypo.MS5","SYNE2",0.00612870275791624,0.0243386416164692,0.0462192532148491
"Hypo.MS5","TEP1",0.00612870275791624,0.00158705139031758,0.00488983401341091
"Hypo.MS5","TG",0.0112359550561798,5.0725609210715e-07,1.1565438900043e-05
"Hypo.MS5","TTN",0.0234933605720123,0.000211291320070963,0.00109921303918707
"Hypo.MS5","ZBTB20",0.00919305413687436,4.65596356000428e-07,1.1565438900043e-05
"Hypo.MS5","ZFP36L2",0.00970377936670072,0.000150305686358806,0.000856742412245195
"Hypo.MS5","ZNF469",0.00817160367722165,1.1705350003104e-05,0.00012130999094126
"Hypo.MS6","ABR",0.00510725229826353,0.000799178591720543,0.00260303884160405
"Hypo.MS6","ACVR2A",0.00919305413687436,0.000110257114305334,0.000698295057267118
"Hypo.MS6","AHDC1",0.00561797752808989,0.0363772509580995,0.0628334334730809
"Hypo.MS6","AHNAK2",0.00663942798774259,0.0072753946173923,0.0165878997276544
"Hypo.MS6","ANK3",0.00868232890704801,2.46819409859909e-05,0.000216441636338689
"Hypo.MS6","APC",0.0388151174668029,2.08585161273384e-37,2.37787083851658e-35
"Hypo.MS6","ARID1A",0.0224719101123595,0.000100477808856069,0.000673792365270112
"Hypo.MS6","ASPM",0.00817160367722165,8.7770824835204e-05,0.000625367126950828
"Hypo.MS6","ASXL1",0.00663942798774259,0.00284768549621602,0.0083240037581699
"Hypo.MS6","ATM",0.00817160367722165,0.0177084807205243,0.0348063241748237
"Hypo.MS6","BAP1",0.00868232890704801,4.88481245265331e-05,0.000371245746401651
"Hypo.MS6","BCL9L",0.00561797752808989,2.05675518756327e-05,0.000213154628529284
"Hypo.MS6","BMPR2",0.00612870275791624,2.06438240601382e-06,3.59382867614198e-05
"Hypo.MS6","BRCA2",0.00715015321756895,0.0230156740976658,0.044470963510744
"Hypo.MS6","CACNA1A",0.00663942798774259,0.00437412148275343,0.0113329511144066
"Hypo.MS6","CDH1",0.0148110316649642,0.0559622980791998,0.0898549574792786
"Hypo.MS6","CDK12",0.00663942798774259,0.0258349886346128,0.0482817820384566
"Hypo.MS6","CHD3",0.00510725229826353,2.31257367137271e-05,0.000216441636338689
"Hypo.MS6","COL18A1",0.00510725229826353,0.0423321012643881,0.0709685227079447
"Hypo.MS6","CPAMD8",0.00561797752808989,0.00648589197436168,0.0157317379803666
"Hypo.MS6","DENND4B",0.00561797752808989,0.00296993812891585,0.00846432366741017
"Hypo.MS6","DNAH11",0.00561797752808989,0.00321671609372961,0.00873108654012321
"Hypo.MS6","DOCK3",0.00970377936670072,0.000440568783192995,0.00156952629012505
"Hypo.MS6","EYS",0.00561797752808989,0.0384314082328227,0.0653907543065938
"Hypo.MS6","FBXW7",0.00715015321756895,0.0167452804981617,0.0340886067284006
"Hypo.MS6","FHOD3",0.00510725229826353,0.0339619443702006,0.0604947134094198
"Hypo.MS6","FLNB",0.00561797752808989,0.000124438146230855,0.000746628877385131
"Hypo.MS6","FMN2",0.00510725229826353,0.00319621290100913,0.00873108654012321
"Hypo.MS6","FOXA1",0.00868232890704801,0.000211419799248354,0.000926994504396629
"Hypo.MS6","FRAS1",0.00561797752808989,0.0101620829463735,0.0222784126132035
"Hypo.MS6","GATA3",0.0250255362614913,0.0473126597788138,0.0770520459254968
"Hypo.MS6","HYDIN",0.00561797752808989,0.00134026572267865,0.00412946736176667
"Hypo.MS6","KIF26A",0.00561797752808989,0.000247331723423966,0.00100699344536901
"Hypo.MS6","LARP4B",0.00612870275791624,4.50015617456126e-05,0.000366441288499988
"Hypo.MS6","MAP2",0.00510725229826353,0.0297204841463183,0.054647341817424
"Hypo.MS6","MAP3K1",0.0112359550561798,0.0577611093146985,0.0914550897482726
"Hypo.MS6","MAP3K12",0.00510725229826353,0.00752044347653742,0.0168104030652013
"Hypo.MS6","MBD6",0.00919305413687436,3.50582386968403e-07,7.99327842287958e-06
"Hypo.MS6","MECOM",0.00663942798774259,1.49854476851181e-05,0.000170834103610346
"Hypo.MS6","MEGF8",0.00663942798774259,0.000171986297351131,0.000796898623739015
"Hypo.MS6","MICAL3",0.00510725229826353,0.0125917182172824,0.0265825162364851
"Hypo.MS6","MKL1",0.00561797752808989,0.000143271291726183,0.000753697058501207
"Hypo.MS6","MUC16",0.00817160367722165,0.032435771592047,0.058693300976085
"Hypo.MS6","MUC5B",0.0076608784473953,0.000145450309535321,0.000753697058501207
"Hypo.MS6","NES",0.00510725229826353,0.000276620671027695,0.00103168857556373
"Hypo.MS6","NLRC5",0.00510725229826353,0.00341742567114752,0.00906015177932132
"Hypo.MS6","PBRM1",0.0209397344228805,1.37574886661569e-09,3.92088426985472e-08
"Hypo.MS6","PCLO",0.0107252298263534,0.00028054689335505,0.00103168857556373
"Hypo.MS6","PDZD2",0.00510725229826353,0.0347249762772212,0.0609022660862034
"Hypo.MS6","PEAR1",0.00510725229826353,0.000169782550210452,0.000796898623739015
"Hypo.MS6","PIK3R1",0.00663942798774259,0.0241477785341386,0.0458807792148634
"Hypo.MS6","PLEKHA6",0.00510725229826353,0.00014371300298578,0.000753697058501207
"Hypo.MS6","RAD51AP2",0.00612870275791624,0.000237324018835154,0.00100203474619287
"Hypo.MS6","REV3L",0.00663942798774259,0.00725400133118413,0.0165878997276544
"Hypo.MS6","RNF43",0.00715015321756895,2.20673690640297e-06,3.59382867614198e-05
"Hypo.MS6","RPL22",0.00561797752808989,0.00676402785420338,0.016064566153733
"Hypo.MS6","SACS",0.00561797752808989,0.00467557854107593,0.0118447989707257
"Hypo.MS6","SETBP1",0.00561797752808989,0.0632582610377244,0.0987868734013779
"Hypo.MS6","SETD2",0.0127681307456588,2.96971711042366e-06,4.23184688235371e-05
"Hypo.MS6","SLC26A7",0.00510725229826353,0.0162546291205284,0.0336914130861862
"Hypo.MS6","SOX9",0.00868232890704801,1.97372710410277e-10,1.12502444933858e-08
"Hypo.MS6","SPEG",0.00510725229826353,0.0110328750582294,0.0237310897478896
"Hypo.MS6","SPEN",0.00817160367722165,0.000733110679962546,0.00245807698575677
"Hypo.MS6","SVIL",0.00715015321756895,0.000257979598060189,0.00101412669582281
"Hypo.MS6","SYNE1",0.00919305413687436,0.000670131680245974,0.00231500034994064
"Hypo.MS6","TEP1",0.00612870275791624,0.00568453171127383,0.0140877525018525
"Hypo.MS6","TP53",0.0577119509703779,0.0172711473787421,0.0345422947574841
"Hypo.MS6","TTN",0.0234933605720123,0.00122615065409005,0.0038828104046185
"Hypo.MS6","VHL",0.0107252298263534,8.71370260555392e-10,3.31120699011049e-08
"Hypo.MS6","ZBTB20",0.00919305413687436,5.48474409703306e-06,6.94734252290854e-05
"Hypo.MS6","ZFHX3",0.00970377936670072,0.0429562633143005,0.0709712176497138
"Hypo.MS6","ZFP36L2",0.00970377936670072,0.00151825208894403,0.00455475626683209
"Hypo.MS6","ZNF469",0.00817160367722165,0.000174758470118205,0.000796898623739015
"Hypo.MS7","ABR",0.00510725229826353,0.000663803809731547,0.00280272719664431
"Hypo.MS7","ACVR2A",0.00919305413687436,4.28138149273771e-05,0.000325317704636461
"Hypo.MS7","AHDC1",0.00561797752808989,0.0367611425505985,0.06781278074234
"Hypo.MS7","AHNAK2",0.00663942798774259,0.00125801624157687,0.00430389151805585
"Hypo.MS7","ANK2",0.00510725229826353,0.0244629790345539,0.0507050838170754
"Hypo.MS7","ANK3",0.00868232890704801,1.718104013238e-05,0.000150664505776255
"Hypo.MS7","APC",0.0388151174668029,1.99521490031422e-33,2.27454498635821e-31
"Hypo.MS7","ARID1A",0.0224719101123595,0.000418647002901347,0.00183560608964437
"Hypo.MS7","ASPM",0.00817160367722165,0.00171650293556731,0.00547156821371591
"Hypo.MS7","ASXL1",0.00663942798774259,0.00397846356019651,0.0113386211465601
"Hypo.MS7","ATM",0.00817160367722165,0.0107266398876194,0.0239771950429138
"Hypo.MS7","BAP1",0.00868232890704801,0.0338208680472541,0.0653487958879147
"Hypo.MS7","BCL9L",0.00561797752808989,4.56586252121348e-05,0.000325317704636461
"Hypo.MS7","BMPR2",0.00612870275791624,9.3295639558349e-07,1.36799648442294e-05
"Hypo.MS7","CACNA1A",0.00663942798774259,0.00484952575525412,0.0133496684891496
"Hypo.MS7","CDH1",0.0148110316649642,7.28029942994973e-05,0.000461085630563483
"Hypo.MS7","CHD3",0.00510725229826353,0.000121725512196319,0.000693835419519019
"Hypo.MS7","CHD8",0.00612870275791624,0.0216880414879424,0.0475342176343992
"Hypo.MS7","CPAMD8",0.00561797752808989,0.010708149615519,0.0239771950429138
"Hypo.MS7","CSMD3",0.0132788559754852,0.0225162083531365,0.0475342176343992
"Hypo.MS7","DENND4B",0.00561797752808989,0.00503933481230954,0.0133496684891496
"Hypo.MS7","DNAH11",0.00561797752808989,0.00860177057002337,0.0200122825506666
"Hypo.MS7","DOCK3",0.00970377936670072,5.20520204631385e-06,5.93393033279779e-05
"Hypo.MS7","FBXW7",0.00715015321756895,0.00291785456432402,0.00852911334187022
"Hypo.MS7","FHOD3",0.00510725229826353,0.0296363224022228,0.0592726448044456
"Hypo.MS7","FLNB",0.00561797752808989,0.00214991356403132,0.00662405800809651
"Hypo.MS7","FMN2",0.00510725229826353,0.0382899841964461,0.0682040343499196
"Hypo.MS7","FRAS1",0.00561797752808989,0.0017278636464366,0.00547156821371591
"Hypo.MS7","GATA3",0.0250255362614913,3.19080335143513e-19,1.81875791031802e-17
"Hypo.MS7","HYDIN",0.00561797752808989,0.00633014989866499,0.0156483985113946
"Hypo.MS7","KIAA1109",0.00510725229826353,0.0452629725861864,0.0770146100720186
"Hypo.MS7","KIF26A",0.00561797752808989,1.3575007603255e-05,0.000128962572230922
"Hypo.MS7","LARP4B",0.00612870275791624,0.000165399553793178,0.000897883292020109
"Hypo.MS7","LRP2",0.00561797752808989,0.0479622613487102,0.0797989507752217
"Hypo.MS7","MAP2",0.00510725229826353,0.00519704429078098,0.0133496684891496
"Hypo.MS7","MAP2K4",0.00510725229826353,0.000707322851822762,0.00287981446813553
"Hypo.MS7","MAP3K1",0.0112359550561798,2.43335961791736e-10,6.93507491106447e-09
"Hypo.MS7","MAP3K12",0.00510725229826353,0.00526960598255907,0.0133496684891496
"Hypo.MS7","MBD6",0.00919305413687436,9.5999753292838e-07,1.36799648442294e-05
"Hypo.MS7","MECOM",0.00663942798774259,6.41072081955865e-05,0.000429895396135109
"Hypo.MS7","MEGF8",0.00663942798774259,0.00118233310972061,0.00430389151805585
"Hypo.MS7","MGA",0.00612870275791624,0.0495413030002181,0.0806815506003552
"Hypo.MS7","MICAL3",0.00510725229826353,0.0482993649428973,0.0797989507752217
"Hypo.MS7","MKL1",0.00561797752808989,3.22417104690529e-05,0.000262539642390859
"Hypo.MS7","MUC5B",0.0076608784473953,0.000112684241520299,0.000676105449121795
"Hypo.MS7","NES",0.00510725229826353,0.000382912433025333,0.00174608069459552
"Hypo.MS7","NIPBL",0.00715015321756895,0.0222274739671917,0.0475342176343992
"Hypo.MS7","NLRC5",0.00510725229826353,0.031447388225252,0.0618103837530815
"Hypo.MS7","OBSCN",0.00715015321756895,0.000867905075781488,0.00341176478065826
"Hypo.MS7","PBRM1",0.0209397344228805,0.0368806351405709,0.06781278074234
"Hypo.MS7","PDZD2",0.00510725229826353,0.0426751055048213,0.0737115458719641
"Hypo.MS7","PEAR1",0.00510725229826353,0.00128361676854297,0.00430389151805585
"Hypo.MS7","PIK3R1",0.00663942798774259,0.00244167281156057,0.0073250184346817
"Hypo.MS7","PLEKHA6",0.00510725229826353,0.00500213135751688,0.0133496684891496
"Hypo.MS7","RAD51AP2",0.00612870275791624,1.21615119913256e-05,0.000126037487910102
"Hypo.MS7","REV3L",0.00663942798774259,0.000218233731803184,0.00108168023589404
"Hypo.MS7","RNF43",0.00715015321756895,5.85741739548107e-07,1.1129093051414e-05
"Hypo.MS7","RPL22",0.00561797752808989,0.0288345494558909,0.0586989042494923
"Hypo.MS7","SACS",0.00561797752808989,0.00742346802252003,0.0176307365534851
"Hypo.MS7","SOX9",0.00868232890704801,1.91370637496917e-10,6.93507491106447e-09
"Hypo.MS7","SPEG",0.00510725229826353,0.00645153271961004,0.0156483985113946
"Hypo.MS7","STK11",0.00715015321756895,0.0504900557781598,0.0810685402635242
"Hypo.MS7","SVIL",0.00715015321756895,0.000907154432863329,0.00344718684488065
"Hypo.MS7","SYNE1",0.00919305413687436,0.0364528984010321,0.06781278074234
"Hypo.MS7","SYNE2",0.00612870275791624,0.0378403388789848,0.0682040343499196
"Hypo.MS7","TEP1",0.00612870275791624,0.00124466061728334,0.00430389151805585
"Hypo.MS7","TTN",0.0234933605720123,0.000257469798745698,0.00122298154404206
"Hypo.MS7","VHL",0.0107252298263534,0.0393042812943644,0.0689336625778083
"Hypo.MS7","ZBTB20",0.00919305413687436,2.10987196802413e-06,2.67250449283056e-05
"Hypo.MS7","ZFP36L2",0.00970377936670072,0.000190698156061769,0.000988163172320076
"Hypo.MS7","ZNF469",0.00817160367722165,1.45168382482324e-07,3.30983912059698e-06
